CustomerID,CustomerName,Gender,Age,City,SignupDate
1,Sneha Reddy,Male,32,Pune,2023-09-08
2,Diya Reddy,Male,19,Kolkata,2023-02-02
3,Aditya Rao,Male,30,Bengaluru,2024-07-28
4,Divya Bhat,Female,55,Hyderabad,2024-04-04
5,Rohan Sharma,Male,35,Kolkata,2023-12-15
6,Diya Rao,Female,42,Mumbai,2023-04-05
7,Ananya Das,Female,20,Pune,2025-04-06
8,Suresh Mehta,Male,53,Kolkata,2023-03-22
9,Saanvi Agarwal,Female,22,Hyderabad,2024-12-22
10,Vivaan Kulkarni,Female,32,Mumbai,2025-05-25
11,Shreya Reddy,Female,41,Pune,2024-04-09
12,Ishaan Das,Female,35,Hyderabad,2024-11-17
13,Divya Iyer,Male,47,Hyderabad,2023-06-17
14,Karan Menon,Male,21,Chennai,2025-05-13
15,Meera Verma,Female,22,Kolkata,2023-10-02
16,Kavya Naidu,Female,49,Hyderabad,2024-11-02
17,Karan Mehta,Male,33,Pune,2023-05-23
18,Suresh Bhat,Female,43,Kolkata,2024-08-20
19,Priya Kulkarni,Male,21,Ahmedabad,2023-04-04
20,Shreya Reddy,Male,45,Delhi,2025-03-22
21,Anjali Iyer,Female,47,Kolkata,2024-09-02
22,Rahul Menon,Male,52,Mumbai,2024-11-29
23,Lakshmi Menon,Female,45,Mumbai,2023-10-28
24,Ishaan Mehta,Male,29,Pune,2024-05-27
25,Rahul Reddy,Female,41,Hyderabad,2023-06-06
26,Lakshmi Gupta,Male,19,Chennai,2024-05-15
27,Ananya Das,Female,33,Hyderabad,2023-03-01
28,Amit Naidu,Male,49,Mumbai,2025-01-19
29,Nikhil Iyer,Male,48,Delhi,2024-11-06
30,Pooja Gupta,Female,52,Kolkata,2023-08-05
31,Lakshmi Rao,Female,41,Kolkata,2024-11-18
32,Sanya Kapoor,Female,32,Mumbai,2023-09-11
33,Aditya Singh,Male,32,Hyderabad,2024-08-25
34,Aarav Iyer,Male,20,Hyderabad,2023-03-11
35,Shreya Singh,Male,49,Hyderabad,2023-10-13
36,Kavya Bhat,Male,48,Ahmedabad,2023-09-06
37,Kiran Pillai,Male,45,Mumbai,2023-04-10
38,Priya Pillai,Female,21,Ahmedabad,2025-06-03
39,Manish Reddy,Male,39,Kolkata,2025-01-15
40,Kiran Reddy,Male,52,Hyderabad,2023-07-14
41,Sanya Nair,Female,47,Delhi,2023-10-13
42,Meera Iyer,Female,52,Mumbai,2023-02-21
43,Nikhil Sharma,Male,44,Hyderabad,2023-06-20
44,Aditi Joshi,Male,28,Kolkata,2023-03-02
45,Karan Sharma,Female,47,Pune,2025-03-13
46,Saanvi Pillai,Female,36,Delhi,2023-07-14
47,Kavya Verma,Male,21,Chennai,2023-02-28
48,Vikram Joshi,Male,23,Bengaluru,2024-06-04
49,Shreya Gupta,Male,33,Mumbai,2024-11-22
50,Karan Reddy,Male,23,Bengaluru,2024-09-26
51,Neha Naidu,Female,38,Pune,2023-07-29
52,Meera Menon,Female,37,Delhi,2024-11-18
53,Sanya Singh,Male,54,Bengaluru,2024-04-14
54,Ananya Iyer,Male,40,Pune,2023-05-16
55,Amit Iyer,Male,28,Chennai,2023-10-19
56,Sanya Bhat,Female,53,Bengaluru,2024-11-14
57,Saanvi Reddy,Male,24,Pune,2023-04-29
58,Suresh Bhat,Male,31,Pune,2023-10-16
59,Divya Singh,Male,49,Pune,2024-06-01
60,Rohan Verma,Male,35,Kolkata,2025-04-29
61,Vivaan Sharma,Female,34,Delhi,2024-10-14
62,Ishaan Mehta,Female,22,Bengaluru,2023-04-25
63,Amit Nair,Male,53,Chennai,2024-08-19
64,Diya Pillai,Male,41,Bengaluru,2023-11-12
65,Amit Verma,Female,33,Hyderabad,2024-11-29
66,Manish Reddy,Female,27,Kolkata,2024-09-27
67,Riya Kulkarni,Male,19,Delhi,2024-02-27
68,Ishaan Singh,Female,28,Hyderabad,2023-10-01
69,Kiran Reddy,Female,48,Bengaluru,2025-05-29
70,Meera Rao,Female,32,Chennai,2023-11-09
71,Meera Sharma,Male,35,Kolkata,2023-12-03
72,Shreya Iyer,Female,50,Chennai,2024-10-18
73,Karan Bhat,Female,34,Bengaluru,2023-04-29
74,Ishaan Naidu,Female,45,Bengaluru,2023-04-22
75,Priya Singh,Female,54,Mumbai,2024-01-30
76,Kavya Menon,Male,51,Kolkata,2023-01-02
77,Riya Bhat,Male,22,Chennai,2024-03-17
78,Manish Singh,Female,37,Mumbai,2025-01-07
79,Rahul Patel,Female,36,Chennai,2024-02-17
80,Pooja Nair,Male,42,Kolkata,2024-11-11
81,Manish Gupta,Female,18,Kolkata,2024-07-15
82,Saanvi Patel,Male,55,Kolkata,2025-03-15
83,Anjali Singh,Female,31,Ahmedabad,2024-03-28
84,Rahul Joshi,Male,50,Mumbai,2023-10-18
85,Manish Agarwal,Female,33,Mumbai,2025-04-18
86,Manish Patel,Male,19,Hyderabad,2023-05-31
87,Vivaan Kulkarni,Female,44,Mumbai,2024-04-11
88,Amit Naidu,Male,43,Kolkata,2024-05-21
89,Meera Nair,Male,45,Mumbai,2025-03-08
90,Meera Gupta,Female,33,Bengaluru,2024-07-24
91,Riya Reddy,Female,47,Delhi,2025-03-31
92,Manish Kapoor,Female,50,Ahmedabad,2024-09-19
93,Neha Bhat,Female,48,Delhi,2025-01-31
94,Sanya Menon,Male,51,Pune,2025-02-23
95,Aditi Kulkarni,Female,36,Ahmedabad,2023-03-21
96,Meera Menon,Female,23,Chennai,2024-07-07
97,Diya Nair,Male,27,Kolkata,2024-12-11
98,Divya Rao,Male,39,Kolkata,2024-02-22
99,Pooja Mehta,Female,44,Bengaluru,2023-07-31
100,Karan Naidu,Male,18,Kolkata,2024-05-03
101,Priya Patel,Female,52,Kolkata,2024-07-05
102,Kiran Agarwal,Male,35,Ahmedabad,2023-08-13
103,Neha Joshi,Male,43,Kolkata,2023-12-11
104,Suresh Gupta,Female,52,Delhi,2024-09-29
105,Aarav Chatterjee,Male,45,Mumbai,2024-10-20
106,Diya Mehta,Male,42,Bengaluru,2023-09-24
107,Arjun Rao,Female,42,Chennai,2023-12-12
108,Rohan Pillai,Female,19,Mumbai,2024-04-26
109,Suresh Bhat,Male,22,Chennai,2023-08-18
110,Lakshmi Verma,Male,19,Hyderabad,2023-07-24
111,Anjali Nair,Male,25,Delhi,2024-04-29
112,Vikram Rao,Female,41,Pune,2025-02-24
113,Ishaan Agarwal,Male,24,Delhi,2023-11-15
114,Vikram Sharma,Female,30,Kolkata,2024-02-11
115,Aditya Naidu,Male,37,Mumbai,2024-12-14
116,Shreya Agarwal,Male,52,Bengaluru,2023-12-22
117,Neha Das,Male,44,Chennai,2023-01-13
118,Nikhil Joshi,Male,47,Kolkata,2024-01-06
119,Divya Nair,Female,51,Delhi,2025-01-21
120,Sneha Menon,Female,55,Ahmedabad,2024-03-22
121,Rohan Singh,Male,46,Mumbai,2023-10-13
122,Meera Mehta,Female,49,Chennai,2023-01-30
123,Shreya Singh,Male,40,Ahmedabad,2023-08-06
124,Kiran Menon,Female,35,Pune,2024-09-02
125,Pooja Sharma,Male,44,Mumbai,2023-09-05
126,Aditi Bhat,Male,49,Ahmedabad,2024-10-23
127,Sanya Sharma,Male,43,Pune,2023-08-15
128,Divya Kulkarni,Female,53,Chennai,2024-04-29
129,Rahul Das,Female,47,Chennai,2023-12-27
130,Rohan Patel,Female,30,Hyderabad,2023-05-04
131,Arjun Reddy,Male,48,Hyderabad,2023-08-10
132,Rohan Naidu,Female,30,Mumbai,2025-05-02
133,Saanvi Kulkarni,Female,18,Delhi,2023-11-06
134,Divya Bhat,Male,21,Pune,2023-02-16
135,Pooja Patel,Male,18,Ahmedabad,2023-04-16
136,Vikram Patel,Female,39,Ahmedabad,2024-03-27
137,Ishaan Verma,Female,22,Ahmedabad,2023-04-27
138,Karan Joshi,Male,27,Bengaluru,2023-06-05
139,Kiran Naidu,Female,25,Mumbai,2023-09-12
140,Pooja Pillai,Male,46,Kolkata,2024-04-06
141,Saanvi Naidu,Female,21,Pune,2024-08-05
142,Anjali Reddy,Male,23,Hyderabad,2023-09-28
143,Ishaan Kulkarni,Male,18,Mumbai,2023-06-10
144,Neha Mehta,Female,32,Pune,2023-02-03
145,Saanvi Patel,Female,32,Mumbai,2024-12-04
146,Riya Menon,Male,52,Kolkata,2023-04-28
147,Meera Nair,Female,21,Delhi,2023-03-15
148,Ishaan Patel,Female,47,Ahmedabad,2023-05-08
149,Divya Patel,Female,52,Pune,2024-05-27
150,Aditi Mehta,Male,38,Bengaluru,2024-03-18
151,Anjali Menon,Male,54,Mumbai,2023-08-23
152,Vikram Sharma,Female,29,Bengaluru,2025-02-20
153,Aditi Kapoor,Female,55,Pune,2023-07-05
154,Neha Joshi,Male,44,Ahmedabad,2023-12-23
155,Arjun Singh,Male,44,Delhi,2023-12-04
156,Divya Joshi,Female,53,Kolkata,2025-04-13
157,Vivaan Mehta,Male,38,Chennai,2023-09-16
158,Ananya Chatterjee,Male,21,Ahmedabad,2024-02-28
159,Kavya Kapoor,Female,46,Ahmedabad,2024-10-02
160,Lakshmi Verma,Male,26,Pune,2024-07-16
161,Riya Patel,Female,19,Ahmedabad,2023-05-05
162,Sneha Agarwal,Male,53,Delhi,2023-11-15
163,Aarav Bhat,Female,25,Mumbai,2023-08-19
164,Sanya Reddy,Male,36,Ahmedabad,2025-01-03
165,Rahul Menon,Female,33,Ahmedabad,2024-04-28
166,Sanya Bhat,Male,50,Kolkata,2023-07-15
167,Suresh Nair,Male,44,Pune,2025-03-02
168,Arjun Kapoor,Female,37,Bengaluru,2023-10-17
169,Nikhil Naidu,Female,52,Delhi,2024-04-02
170,Aditi Das,Female,38,Kolkata,2024-04-11
171,Shreya Rao,Male,44,Kolkata,2023-08-28
172,Vivaan Singh,Female,27,Kolkata,2024-01-31
173,Aditi Verma,Male,24,Chennai,2025-06-09
174,Shreya Mehta,Male,27,Ahmedabad,2023-01-16
175,Neha Nair,Male,34,Ahmedabad,2025-03-11
176,Arjun Agarwal,Female,39,Mumbai,2025-05-22
177,Shreya Bhat,Female,49,Chennai,2024-10-03
178,Shreya Bhat,Male,36,Mumbai,2023-08-29
179,Meera Iyer,Female,24,Mumbai,2025-02-17
180,Sanya Gupta,Female,38,Bengaluru,2023-02-17
181,Kiran Verma,Female,45,Chennai,2024-01-19
182,Diya Kulkarni,Female,29,Delhi,2023-06-24
183,Aditya Agarwal,Female,55,Hyderabad,2024-05-24
184,Diya Kulkarni,Female,34,Pune,2024-04-15
185,Manish Sharma,Female,52,Pune,2024-11-24
186,Ishaan Iyer,Female,37,Chennai,2024-08-24
187,Sneha Pillai,Female,37,Ahmedabad,2025-05-15
188,Kavya Chatterjee,Female,42,Mumbai,2023-08-31
189,Vikram Das,Female,43,Pune,2023-01-23
190,Rohan Sharma,Male,36,Ahmedabad,2025-05-02
191,Lakshmi Kulkarni,Female,30,Hyderabad,2024-10-13
192,Anjali Menon,Male,20,Mumbai,2024-10-04
193,Saanvi Mehta,Male,26,Chennai,2025-01-19
194,Aditya Patel,Female,30,Kolkata,2023-06-29
195,Diya Bhat,Female,28,Pune,2025-04-30
196,Rohan Joshi,Female,25,Chennai,2025-04-03
197,Sanya Iyer,Male,43,Hyderabad,2025-05-30
198,Shreya Bhat,Female,43,Mumbai,2025-03-20
199,Aarav Menon,Male,34,Ahmedabad,2024-01-13
200,Vikram Chatterjee,Female,32,Mumbai,2024-11-22
201,Aditi Sharma,Female,22,Hyderabad,2024-10-25
202,Sneha Mehta,Female,26,Kolkata,2023-04-30
203,Vivaan Verma,Female,24,Ahmedabad,2023-04-29
204,Meera Bhat,Male,41,Kolkata,2024-04-09
205,Manish Bhat,Female,24,Delhi,2024-02-29
206,Nikhil Joshi,Female,41,Pune,2023-02-03
207,Kavya Mehta,Female,41,Hyderabad,2025-05-25
208,Ananya Das,Female,35,Bengaluru,2024-02-12
209,Kavya Reddy,Female,31,Mumbai,2024-11-09
210,Sneha Agarwal,Male,39,Bengaluru,2025-03-16
211,Meera Nair,Male,53,Mumbai,2025-04-29
212,Kavya Naidu,Male,27,Hyderabad,2023-12-03
213,Kiran Agarwal,Male,27,Pune,2025-05-29
214,Diya Bhat,Female,19,Delhi,2023-04-23
215,Diya Sharma,Female,38,Hyderabad,2024-08-25
216,Aarav Gupta,Female,44,Bengaluru,2023-05-10
217,Rahul Reddy,Male,41,Ahmedabad,2024-04-04
218,Rahul Naidu,Male,32,Ahmedabad,2024-05-30
219,Anjali Verma,Female,19,Ahmedabad,2024-10-20
220,Vivaan Joshi,Female,24,Kolkata,2024-12-03
221,Aditi Mehta,Male,27,Mumbai,2023-11-26
222,Aditya Nair,Female,51,Chennai,2024-01-26
223,Saanvi Mehta,Female,25,Mumbai,2025-03-23
224,Shreya Bhat,Male,32,Kolkata,2024-04-07
225,Neha Singh,Female,24,Kolkata,2024-03-01
226,Arjun Pillai,Female,27,Pune,2024-01-19
227,Manish Joshi,Male,23,Mumbai,2025-05-01
228,Aditya Pillai,Male,26,Chennai,2025-04-11
229,Pooja Verma,Female,40,Mumbai,2024-02-25
230,Shreya Pillai,Male,37,Pune,2024-09-06
231,Priya Reddy,Male,48,Delhi,2024-11-03
232,Meera Reddy,Female,35,Chennai,2023-04-28
233,Vikram Kulkarni,Female,35,Bengaluru,2024-09-15
234,Aarav Gupta,Female,40,Pune,2023-12-14
235,Aarav Gupta,Male,27,Kolkata,2023-03-13
236,Suresh Sharma,Male,44,Hyderabad,2024-01-21
237,Sanya Singh,Male,38,Chennai,2023-11-16
238,Lakshmi Naidu,Male,28,Bengaluru,2023-06-09
239,Lakshmi Agarwal,Male,46,Mumbai,2023-10-06
240,Manish Pillai,Female,35,Ahmedabad,2024-02-29
241,Kavya Kapoor,Male,25,Chennai,2024-03-16
242,Saanvi Naidu,Female,32,Pune,2023-02-16
243,Karan Agarwal,Male,37,Bengaluru,2023-07-29
244,Kavya Nair,Female,25,Pune,2023-12-02
245,Aarav Joshi,Female,42,Delhi,2023-05-13
246,Pooja Kulkarni,Female,20,Mumbai,2024-02-11
247,Neha Sharma,Female,38,Mumbai,2025-06-01
248,Vikram Pillai,Female,25,Kolkata,2023-10-24
249,Karan Sharma,Female,47,Delhi,2025-03-31
250,Nikhil Das,Male,24,Kolkata,2025-05-14
251,Meera Pillai,Female,37,Mumbai,2024-02-10
252,Suresh Singh,Male,28,Chennai,2025-03-08
253,Aditya Kapoor,Male,40,Hyderabad,2025-03-05
254,Priya Nair,Male,34,Mumbai,2023-05-30
255,Kavya Gupta,Male,49,Mumbai,2023-07-01
256,Sanya Naidu,Female,38,Chennai,2025-06-03
257,Diya Mehta,Male,37,Ahmedabad,2024-03-28
258,Kiran Menon,Male,22,Chennai,2024-06-03
259,Saanvi Mehta,Female,41,Bengaluru,2023-02-28
260,Nikhil Patel,Male,50,Mumbai,2024-09-21
261,Karan Mehta,Male,54,Ahmedabad,2025-04-09
262,Sneha Rao,Female,27,Ahmedabad,2024-05-28
263,Vivaan Mehta,Male,23,Chennai,2025-01-01
264,Rahul Gupta,Male,46,Hyderabad,2024-12-25
265,Sanya Kapoor,Male,36,Chennai,2024-01-17
266,Karan Pillai,Female,39,Bengaluru,2025-03-19
267,Aditya Singh,Male,34,Kolkata,2023-10-18
268,Suresh Agarwal,Male,55,Chennai,2023-03-25
269,Manish Nair,Female,43,Pune,2024-11-02
270,Diya Agarwal,Male,42,Pune,2024-07-26
271,Sneha Singh,Male,45,Mumbai,2024-10-23
272,Rahul Das,Male,29,Chennai,2023-11-13
273,Kavya Singh,Female,26,Hyderabad,2023-08-20
274,Diya Iyer,Female,52,Mumbai,2024-06-03
275,Nikhil Kapoor,Male,26,Chennai,2025-06-16
276,Anjali Chatterjee,Male,28,Delhi,2023-07-05
277,Suresh Mehta,Male,33,Kolkata,2024-01-09
278,Sanya Agarwal,Female,52,Ahmedabad,2023-08-28
279,Meera Patel,Female,54,Hyderabad,2024-01-12
280,Sanya Mehta,Female,51,Kolkata,2024-05-29
281,Neha Gupta,Male,34,Delhi,2025-06-12
282,Vivaan Joshi,Female,51,Mumbai,2024-12-29
283,Shreya Reddy,Female,28,Mumbai,2025-02-20
284,Rohan Mehta,Male,32,Kolkata,2023-04-04
285,Nikhil Mehta,Female,21,Bengaluru,2024-02-29
286,Karan Kapoor,Female,23,Hyderabad,2024-01-31
287,Priya Kulkarni,Male,39,Chennai,2023-04-12
288,Kiran Nair,Male,48,Bengaluru,2023-10-21
289,Divya Nair,Female,18,Ahmedabad,2024-09-22
290,Amit Iyer,Male,27,Pune,2023-08-09
291,Pooja Agarwal,Female,36,Mumbai,2025-03-05
292,Meera Patel,Male,44,Bengaluru,2023-09-02
293,Sneha Agarwal,Female,49,Mumbai,2023-04-24
294,Anjali Bhat,Male,27,Hyderabad,2025-01-05
295,Saanvi Pillai,Male,54,Chennai,2023-09-04
296,Neha Gupta,Male,51,Chennai,2023-03-11
297,Pooja Kapoor,Male,48,Kolkata,2025-06-13
298,Vivaan Chatterjee,Female,19,Pune,2025-02-04
299,Priya Iyer,Female,24,Hyderabad,2025-01-20
300,Lakshmi Naidu,Female,40,Delhi,2023-02-15
301,Pooja Singh,Male,48,Ahmedabad,2024-12-13
302,Sneha Gupta,Male,47,Mumbai,2025-01-03
303,Vivaan Patel,Male,30,Bengaluru,2025-03-21
304,Amit Verma,Female,43,Pune,2024-06-11
305,Nikhil Bhat,Female,30,Pune,2023-02-07
306,Saanvi Das,Male,25,Chennai,2023-10-07
307,Kiran Das,Female,46,Kolkata,2025-01-31
308,Amit Chatterjee,Female,49,Delhi,2024-05-23
309,Priya Kapoor,Female,45,Mumbai,2025-01-14
310,Aditya Pillai,Male,24,Pune,2023-11-25
311,Aditya Singh,Female,45,Pune,2024-04-01
312,Ishaan Mehta,Female,40,Ahmedabad,2023-02-13
313,Anjali Pillai,Female,43,Bengaluru,2023-03-18
314,Priya Kapoor,Male,46,Bengaluru,2023-05-27
315,Vivaan Nair,Male,41,Hyderabad,2025-03-08
316,Priya Chatterjee,Male,46,Delhi,2024-11-26
317,Priya Das,Female,26,Mumbai,2024-08-10
318,Rahul Das,Female,35,Chennai,2024-10-27
319,Meera Reddy,Male,51,Delhi,2024-05-26
320,Karan Bhat,Male,34,Pune,2025-03-04
321,Divya Mehta,Male,49,Pune,2024-12-11
322,Kavya Reddy,Male,29,Mumbai,2024-04-07
323,Amit Mehta,Male,40,Chennai,2024-11-14
324,Divya Iyer,Female,28,Pune,2025-05-21
325,Divya Gupta,Female,30,Hyderabad,2023-05-05
326,Kiran Nair,Male,41,Ahmedabad,2023-01-27
327,Pooja Naidu,Female,53,Ahmedabad,2025-04-02
328,Diya Agarwal,Male,43,Mumbai,2023-11-13
329,Divya Joshi,Female,54,Kolkata,2025-04-23
330,Aditya Nair,Female,47,Mumbai,2024-04-05
331,Manish Kapoor,Female,53,Delhi,2025-06-18
332,Sneha Naidu,Male,50,Delhi,2024-03-19
333,Riya Verma,Male,28,Delhi,2023-11-08
334,Ishaan Singh,Male,36,Chennai,2024-06-15
335,Shreya Iyer,Female,53,Hyderabad,2024-10-12
336,Rohan Nair,Female,28,Mumbai,2024-05-29
337,Vikram Naidu,Male,39,Delhi,2024-11-05
338,Nikhil Naidu,Male,20,Bengaluru,2023-03-25
339,Sneha Naidu,Female,54,Hyderabad,2025-02-24
340,Neha Agarwal,Male,52,Ahmedabad,2024-10-04
341,Saanvi Patel,Female,43,Hyderabad,2025-04-04
342,Saanvi Mehta,Male,46,Bengaluru,2023-06-11
343,Neha Joshi,Female,27,Hyderabad,2023-12-15
344,Arjun Singh,Female,41,Kolkata,2023-05-14
345,Rahul Bhat,Male,47,Chennai,2023-09-05
346,Ananya Menon,Female,24,Hyderabad,2023-05-25
347,Vivaan Patel,Female,28,Kolkata,2023-09-12
348,Nikhil Singh,Female,28,Hyderabad,2025-02-20
349,Aditi Kapoor,Female,37,Ahmedabad,2025-06-19
350,Aditi Sharma,Male,47,Kolkata,2024-06-01
351,Meera Rao,Female,36,Bengaluru,2023-02-21
352,Aditi Agarwal,Female,18,Pune,2024-07-03
353,Shreya Reddy,Female,41,Delhi,2023-09-28
354,Lakshmi Chatterjee,Female,21,Bengaluru,2024-02-15
355,Vikram Bhat,Male,36,Chennai,2024-07-20
356,Aditya Chatterjee,Female,25,Pune,2025-04-25
357,Diya Reddy,Female,39,Chennai,2025-03-24
358,Pooja Das,Male,50,Hyderabad,2024-09-08
359,Karan Kapoor,Male,26,Bengaluru,2023-02-09
360,Divya Singh,Female,50,Ahmedabad,2023-06-02
361,Diya Singh,Female,37,Delhi,2024-02-07
362,Vikram Singh,Female,19,Pune,2024-05-01
363,Priya Singh,Male,37,Kolkata,2024-08-20
364,Kiran Sharma,Female,55,Pune,2024-11-02
365,Vikram Kulkarni,Male,51,Ahmedabad,2023-06-24
366,Sneha Agarwal,Female,33,Delhi,2025-04-21
367,Vivaan Naidu,Male,46,Hyderabad,2023-01-20
368,Arjun Pillai,Male,31,Kolkata,2024-12-08
369,Neha Kapoor,Female,26,Bengaluru,2024-12-23
370,Rahul Rao,Female,42,Ahmedabad,2024-06-22
371,Arjun Gupta,Female,40,Chennai,2024-07-13
372,Manish Menon,Female,35,Hyderabad,2023-09-10
373,Pooja Patel,Male,36,Pune,2025-02-28
374,Divya Rao,Female,40,Chennai,2024-05-06
375,Pooja Menon,Female,52,Mumbai,2024-08-10
376,Karan Chatterjee,Female,20,Delhi,2023-10-25
377,Saanvi Iyer,Female,34,Ahmedabad,2024-11-02
378,Suresh Joshi,Male,52,Hyderabad,2025-04-27
379,Rohan Bhat,Female,55,Delhi,2023-04-22
380,Meera Kulkarni,Male,32,Hyderabad,2024-10-15
381,Vivaan Reddy,Female,48,Chennai,2025-01-04
382,Ananya Nair,Male,48,Delhi,2024-02-21
383,Aditi Rao,Female,21,Chennai,2023-10-20
384,Riya Iyer,Male,44,Bengaluru,2023-06-29
385,Amit Gupta,Male,49,Kolkata,2025-03-17
386,Ishaan Patel,Male,54,Bengaluru,2023-11-02
387,Anjali Reddy,Female,52,Pune,2024-04-10
388,Rahul Joshi,Male,30,Ahmedabad,2023-10-07
389,Kiran Reddy,Female,47,Delhi,2025-01-18
390,Sneha Menon,Male,39,Bengaluru,2025-01-24
391,Kiran Patel,Male,43,Delhi,2024-09-17
392,Nikhil Pillai,Female,24,Mumbai,2024-02-15
393,Ishaan Nair,Female,18,Chennai,2023-09-12
394,Rohan Chatterjee,Male,35,Ahmedabad,2025-02-10
395,Arjun Patel,Male,41,Pune,2024-10-31
396,Divya Kulkarni,Male,37,Mumbai,2024-04-21
397,Ishaan Chatterjee,Female,36,Mumbai,2024-10-16
398,Priya Agarwal,Male,48,Hyderabad,2023-05-17
399,Diya Mehta,Female,53,Kolkata,2024-12-19
400,Riya Joshi,Male,23,Hyderabad,2024-11-27
401,Rahul Mehta,Female,25,Mumbai,2024-07-31
402,Vivaan Bhat,Male,38,Delhi,2023-06-18
403,Shreya Kapoor,Female,31,Mumbai,2024-11-27
404,Divya Naidu,Female,46,Mumbai,2024-06-06
405,Kiran Verma,Female,44,Delhi,2024-06-09
406,Sanya Naidu,Male,37,Ahmedabad,2024-11-19
407,Suresh Sharma,Female,18,Pune,2025-04-16
408,Suresh Rao,Male,40,Bengaluru,2024-03-09
409,Divya Iyer,Male,20,Mumbai,2024-04-28
410,Saanvi Pillai,Male,44,Delhi,2025-02-23
411,Priya Chatterjee,Female,23,Kolkata,2024-01-20
412,Manish Bhat,Male,29,Chennai,2023-05-02
413,Pooja Chatterjee,Male,18,Hyderabad,2025-05-04
414,Lakshmi Sharma,Female,52,Ahmedabad,2024-11-20
415,Neha Bhat,Female,47,Hyderabad,2023-09-11
416,Priya Nair,Female,25,Hyderabad,2025-06-15
417,Vivaan Pillai,Male,22,Hyderabad,2023-07-31
418,Ananya Agarwal,Male,21,Ahmedabad,2024-09-04
419,Meera Verma,Female,52,Ahmedabad,2023-08-28
420,Kavya Verma,Male,54,Pune,2023-08-28
421,Arjun Naidu,Female,27,Hyderabad,2023-11-06
422,Manish Kapoor,Male,35,Kolkata,2023-11-04
423,Vivaan Bhat,Male,49,Kolkata,2024-07-23
424,Vivaan Das,Female,44,Chennai,2024-12-14
425,Neha Nair,Female,52,Kolkata,2023-07-08
426,Aditi Kulkarni,Male,27,Pune,2025-05-28
427,Kiran Mehta,Male,53,Kolkata,2024-03-02
428,Rahul Nair,Female,31,Hyderabad,2023-09-19
429,Arjun Iyer,Female,52,Chennai,2023-04-05
430,Suresh Rao,Male,20,Pune,2024-01-22
431,Shreya Iyer,Male,31,Hyderabad,2024-05-05
432,Shreya Singh,Female,30,Bengaluru,2023-08-05
433,Suresh Reddy,Female,31,Hyderabad,2024-12-13
434,Karan Kulkarni,Female,47,Pune,2024-01-25
435,Pooja Das,Female,50,Pune,2024-01-04
436,Amit Joshi,Female,48,Mumbai,2025-04-02
437,Lakshmi Singh,Male,44,Chennai,2023-11-17
438,Vivaan Naidu,Male,34,Delhi,2023-01-17
439,Pooja Naidu,Female,30,Pune,2023-06-06
440,Arjun Kulkarni,Female,53,Hyderabad,2024-05-26
441,Sneha Singh,Female,49,Ahmedabad,2025-01-10
442,Sanya Gupta,Female,52,Delhi,2023-05-24
443,Aditi Gupta,Male,22,Bengaluru,2025-05-09
444,Nikhil Verma,Male,32,Kolkata,2023-05-21
445,Aditya Nair,Male,47,Hyderabad,2024-06-01
446,Priya Verma,Female,18,Ahmedabad,2023-01-17
447,Pooja Bhat,Female,51,Bengaluru,2023-01-18
448,Suresh Menon,Female,45,Bengaluru,2024-05-29
449,Kiran Gupta,Male,27,Mumbai,2024-06-20
450,Meera Rao,Female,43,Chennai,2023-10-01
451,Aditya Das,Female,33,Ahmedabad,2024-08-01
452,Divya Kulkarni,Female,20,Mumbai,2024-10-31
453,Aditya Chatterjee,Female,48,Kolkata,2024-07-19
454,Vivaan Sharma,Male,45,Mumbai,2024-05-26
455,Sneha Singh,Male,31,Bengaluru,2023-08-24
456,Amit Naidu,Female,22,Pune,2023-02-17
457,Manish Menon,Male,38,Delhi,2025-05-20
458,Aarav Rao,Male,37,Kolkata,2023-03-20
459,Ishaan Naidu,Male,52,Kolkata,2024-11-24
460,Arjun Chatterjee,Male,40,Mumbai,2024-05-27
461,Vivaan Reddy,Female,22,Hyderabad,2025-05-08
462,Arjun Agarwal,Female,35,Chennai,2023-01-31
463,Kiran Mehta,Female,53,Hyderabad,2023-12-31
464,Karan Pillai,Male,36,Kolkata,2023-03-29
465,Kiran Kulkarni,Male,27,Mumbai,2023-10-02
466,Karan Nair,Female,24,Chennai,2024-01-05
467,Aditya Sharma,Female,35,Ahmedabad,2024-01-04
468,Ananya Nair,Male,46,Delhi,2024-03-17
469,Pooja Bhat,Female,23,Mumbai,2023-01-27
470,Priya Bhat,Male,42,Chennai,2025-06-03
471,Aarav Patel,Female,23,Kolkata,2025-03-08
472,Suresh Bhat,Male,42,Delhi,2024-12-02
473,Ishaan Nair,Female,49,Pune,2023-10-02
474,Diya Iyer,Male,44,Kolkata,2023-10-10
475,Saanvi Joshi,Male,33,Chennai,2023-09-15
476,Suresh Joshi,Male,26,Ahmedabad,2023-04-20
477,Saanvi Sharma,Female,42,Chennai,2025-05-11
478,Kiran Singh,Female,26,Chennai,2024-03-16
479,Saanvi Singh,Male,29,Ahmedabad,2023-11-18
480,Karan Singh,Female,33,Ahmedabad,2024-08-12
481,Arjun Chatterjee,Female,25,Kolkata,2024-01-09
482,Riya Naidu,Male,53,Delhi,2024-11-29
483,Aarav Mehta,Male,36,Ahmedabad,2025-03-27
484,Nikhil Iyer,Female,37,Ahmedabad,2023-05-23
485,Meera Menon,Male,42,Kolkata,2025-03-19
486,Aditya Mehta,Female,50,Kolkata,2024-07-01
487,Riya Pillai,Male,52,Chennai,2024-12-19
488,Anjali Iyer,Male,40,Hyderabad,2024-11-04
489,Ishaan Agarwal,Male,39,Kolkata,2025-02-09
490,Kiran Pillai,Male,34,Bengaluru,2023-04-11
491,Meera Kapoor,Male,43,Ahmedabad,2024-01-19
492,Sanya Naidu,Male,48,Chennai,2023-01-26
493,Ananya Patel,Female,27,Mumbai,2023-04-29
494,Priya Patel,Female,31,Ahmedabad,2025-03-14
495,Rahul Joshi,Female,46,Ahmedabad,2023-04-10
496,Suresh Mehta,Female,20,Mumbai,2023-11-04
497,Kiran Reddy,Male,24,Chennai,2024-10-25
498,Manish Gupta,Male,28,Delhi,2024-07-19
499,Arjun Bhat,Female,43,Ahmedabad,2023-08-26
500,Sneha Gupta,Male,19,Kolkata,2024-02-10
501,Suresh Agarwal,Male,45,Ahmedabad,2024-08-29
502,Karan Sharma,Male,22,Hyderabad,2023-10-13
503,Vikram Reddy,Male,30,Chennai,2023-11-30
504,Sanya Reddy,Female,38,Ahmedabad,2024-06-24
505,Anjali Chatterjee,Female,40,Mumbai,2023-12-23
506,Shreya Mehta,Male,55,Pune,2024-09-21
507,Aditya Nair,Female,37,Mumbai,2023-09-02
508,Ananya Gupta,Female,42,Delhi,2024-06-07
509,Neha Agarwal,Male,29,Kolkata,2024-03-09
510,Aditi Bhat,Male,36,Delhi,2024-05-16
511,Diya Gupta,Female,21,Ahmedabad,2024-09-26
512,Shreya Das,Male,30,Ahmedabad,2023-05-20
513,Nikhil Chatterjee,Female,49,Kolkata,2024-12-02
514,Neha Mehta,Female,54,Delhi,2023-03-26
515,Aarav Kulkarni,Female,32,Bengaluru,2023-10-09
516,Pooja Patel,Male,49,Ahmedabad,2024-08-02
517,Pooja Kapoor,Male,52,Mumbai,2023-10-02
518,Nikhil Das,Male,31,Ahmedabad,2024-07-13
519,Neha Reddy,Male,20,Pune,2025-06-14
520,Sanya Menon,Female,25,Mumbai,2024-03-25
521,Lakshmi Kulkarni,Male,45,Chennai,2025-05-31
522,Ishaan Agarwal,Male,31,Hyderabad,2025-04-13
523,Kiran Verma,Female,52,Pune,2024-09-03
524,Ishaan Singh,Female,35,Pune,2024-08-09
525,Shreya Kapoor,Male,44,Delhi,2025-02-07
526,Riya Verma,Female,26,Delhi,2024-12-19
527,Meera Nair,Female,43,Hyderabad,2025-02-18
528,Aditi Nair,Female,46,Kolkata,2024-01-20
529,Aditya Iyer,Female,41,Pune,2024-12-12
530,Sanya Joshi,Female,23,Bengaluru,2025-06-08
531,Suresh Mehta,Female,52,Mumbai,2025-03-25
532,Karan Rao,Female,35,Hyderabad,2024-05-21
533,Arjun Patel,Female,49,Delhi,2024-08-02
534,Kiran Singh,Male,47,Bengaluru,2023-04-12
535,Aarav Reddy,Male,18,Ahmedabad,2024-04-12
536,Neha Rao,Male,35,Pune,2023-06-12
537,Aditya Das,Female,28,Mumbai,2024-01-16
538,Vivaan Chatterjee,Female,23,Hyderabad,2024-03-15
539,Divya Reddy,Male,22,Hyderabad,2024-05-03
540,Diya Naidu,Male,18,Ahmedabad,2023-01-10
541,Divya Singh,Male,26,Kolkata,2024-12-11
542,Aditi Iyer,Male,24,Kolkata,2023-04-02
543,Ananya Singh,Female,42,Pune,2023-05-21
544,Lakshmi Nair,Male,54,Mumbai,2024-06-27
545,Aarav Agarwal,Male,31,Ahmedabad,2023-12-26
546,Sneha Nair,Female,31,Ahmedabad,2025-05-30
547,Aditya Reddy,Male,42,Mumbai,2024-08-26
548,Priya Pillai,Female,35,Delhi,2023-09-11
549,Sneha Iyer,Male,19,Pune,2025-03-08
550,Shreya Patel,Male,43,Hyderabad,2025-02-04
551,Saanvi Verma,Male,25,Ahmedabad,2024-01-31
552,Meera Joshi,Male,38,Bengaluru,2024-01-05
553,Diya Chatterjee,Female,29,Chennai,2024-07-13
554,Lakshmi Joshi,Male,22,Bengaluru,2024-08-24
555,Aarav Menon,Male,43,Bengaluru,2023-03-03
556,Rahul Patel,Female,43,Kolkata,2024-12-19
557,Aditya Bhat,Male,37,Pune,2023-03-27
558,Aditya Kapoor,Male,38,Delhi,2024-07-03
559,Karan Naidu,Male,45,Pune,2024-12-16
560,Suresh Kulkarni,Male,45,Hyderabad,2023-03-30
561,Ananya Mehta,Male,29,Pune,2024-11-13
562,Ananya Sharma,Male,49,Bengaluru,2023-06-17
563,Priya Kapoor,Female,26,Delhi,2024-01-16
564,Suresh Menon,Male,45,Bengaluru,2023-12-10
565,Rohan Kapoor,Male,54,Pune,2024-12-30
566,Sneha Iyer,Female,41,Ahmedabad,2024-06-07
567,Vivaan Joshi,Male,34,Chennai,2023-06-11
568,Lakshmi Reddy,Male,50,Hyderabad,2025-01-28
569,Aarav Verma,Male,48,Hyderabad,2023-02-17
570,Priya Chatterjee,Male,20,Delhi,2025-05-28
571,Pooja Pillai,Male,44,Chennai,2023-09-12
572,Riya Singh,Female,41,Mumbai,2024-08-08
573,Ananya Kapoor,Male,51,Delhi,2023-08-17
574,Vivaan Chatterjee,Male,36,Ahmedabad,2025-06-05
575,Lakshmi Patel,Female,47,Mumbai,2024-07-20
576,Aarav Das,Male,37,Pune,2024-07-31
577,Suresh Agarwal,Male,55,Ahmedabad,2024-01-13
578,Aditi Rao,Male,44,Delhi,2023-01-07
579,Aarav Kulkarni,Female,18,Bengaluru,2023-12-10
580,Lakshmi Chatterjee,Female,51,Mumbai,2023-07-30
581,Meera Pillai,Female,35,Bengaluru,2023-05-26
582,Aditya Verma,Male,41,Kolkata,2024-12-18
583,Sanya Iyer,Male,43,Delhi,2024-10-14
584,Aditya Naidu,Male,26,Kolkata,2024-11-09
585,Meera Patel,Female,43,Chennai,2025-03-31
586,Divya Singh,Female,32,Ahmedabad,2023-10-06
587,Aditya Rao,Male,24,Mumbai,2023-06-09
588,Ishaan Mehta,Female,25,Chennai,2024-02-21
589,Pooja Das,Male,47,Ahmedabad,2023-11-12
590,Rohan Reddy,Male,37,Delhi,2025-04-06
591,Nikhil Agarwal,Male,38,Hyderabad,2025-05-05
592,Diya Iyer,Male,50,Chennai,2024-02-10
593,Vivaan Patel,Female,43,Delhi,2023-02-01
594,Shreya Mehta,Male,24,Mumbai,2024-04-18
595,Kiran Nair,Male,32,Bengaluru,2023-03-05
596,Diya Rao,Female,23,Chennai,2024-12-03
597,Vikram Naidu,Female,22,Mumbai,2023-01-23
598,Kavya Mehta,Male,39,Mumbai,2025-05-17
599,Ananya Verma,Female,54,Bengaluru,2023-06-22
600,Neha Chatterjee,Female,45,Bengaluru,2024-01-27
